frame;x;y
1;730.8;693.0
2;730.5;694.0
3;731.5;695.3
4;731.6;694.6
5;732.0;695.1
6;729.8;692.5
7;729.5;691.7
8;730.6;689.8
9;730.7;689.7
10;729.0;687.1
11;726.9;684.6
12;727.8;680.7
13;728.8;681.8
14;729.8;681.3
15;729.2;681.6
16;728.8;681.4
17;729.6;679.7
18;729.4;679.4
19;728.1;678.7
20;726.3;681.5
21;725.8;680.9
22;726.0;679.4
23;725.4;681.5
24;726.7;684.0
25;725.3;685.2
26;723.3;682.9
27;721.4;684.9
28;722.7;686.7
29;723.0;688.1
30;721.5;687.1
31;720.6;684.0
32;718.4;684.2
33;716.4;683.2
34;718.6;682.9
35;716.9;682.1
36;716.8;680.7
37;716.5;683.0
38;716.2;683.2
39;716.9;682.8
40;716.3;682.8
41;716.4;681.8
42;718.7;683.4
43;719.7;688.0
44;718.0;687.1
45;720.8;686.9
46;722.3;685.5
47;721.6;688.0
48;720.0;689.2
49;717.5;685.8
50;719.2;686.3
51;721.1;687.1
52;722.3;687.9
53;723.1;689.9
54;722.2;687.8
55;721.9;686.9
56;719.8;687.9
57;716.5;690.0
58;716.1;692.9
59;714.4;694.1
60;712.1;692.4
61;711.7;692.8
62;713.7;693.9
63;714.1;694.7
64;713.3;692.4
65;713.8;691.8
66;716.3;695.0
67;717.1;696.0
68;715.1;698.1
69;713.0;697.3
70;714.1;695.4
71;712.1;696.9
72;710.9;695.7
73;710.0;695.7
74;709.0;695.5
75;710.4;696.0
76;711.2;696.0
77;708.1;694.2
78;707.1;695.8
79;703.7;699.1
80;699.9;701.4
81;699.4;703.9
82;699.8;705.7
83;700.2;705.3
84;701.8;705.0
85;703.2;704.1
86;703.3;703.1
87;705.8;702.1
88;706.1;702.7
89;707.1;700.2
90;707.1;698.7
91;699.5;703.7
92;701.6;705.2
93;702.0;705.3
94;702.9;704.5
95;704.3;702.4
96;706.0;704.2
97;705.6;702.6
98;708.2;703.6
99;706.8;705.9
100;706.3;705.6
101;705.1;707.5
102;706.0;706.8
103;705.0;710.4
104;705.2;712.8
105;704.3;712.2
106;703.4;709.8
107;703.7;710.8
108;704.0;709.4
109;701.2;706.7
110;700.9;707.3
111;701.4;707.3
112;702.8;707.4
113;705.6;707.4
114;706.3;707.0
115;708.5;706.9
116;709.3;707.8
117;710.5;707.6
118;711.9;704.9
119;712.1;703.0
120;713.5;701.6
121;714.2;700.4
122;714.6;699.8
123;713.0;699.1
124;711.0;700.2
125;710.2;699.7
126;710.5;700.8
127;710.2;701.7
128;710.9;701.1
129;712.5;699.3
130;713.5;699.6
131;714.6;699.9
132;712.7;700.3
133;710.5;703.0
134;712.0;702.7
135;715.4;702.7
136;716.7;705.1
137;714.5;704.8
138;711.3;704.5
139;710.3;705.0
140;710.4;704.0
141;711.4;704.1
142;710.0;705.2
143;709.2;706.3
144;708.9;708.3
145;707.8;706.9
146;707.2;706.5
147;707.7;708.2
148;709.4;709.2
149;709.9;712.1
150;708.5;711.6
151;707.2;708.3
152;706.3;704.4
153;708.8;704.5
154;707.5;705.0
155;706.8;705.4
156;703.5;707.3
157;701.3;707.1
158;702.0;707.4
159;702.1;707.3
160;702.8;704.4
161;704.3;704.9
162;704.5;704.3
163;702.5;704.8
164;701.3;705.3
165;702.5;705.5
166;705.4;704.2
167;707.0;703.4
168;707.2;701.6
169;707.9;701.6
170;707.3;700.6
171;706.5;701.4
172;704.6;699.9
173;705.9;701.0
174;708.2;702.3
175;709.1;702.5
176;711.4;700.5
177;711.3;699.3
178;709.8;700.0
179;709.6;701.2
180;709.8;701.7
181;706.2;704.4
182;701.9;701.8
183;701.4;700.0
184;701.9;698.5
185;704.6;700.6
186;703.3;700.9
187;703.6;701.1
188;705.2;702.2
189;706.7;703.0
190;705.9;705.3
191;708.1;705.4
192;709.8;705.0
193;708.3;707.0
194;707.6;708.9
195;707.3;709.1
196;707.9;710.3
197;708.4;710.6
198;706.2;710.3
199;704.5;714.5
200;701.0;714.9
201;699.0;713.7
202;700.5;715.1
203;701.7;714.6
204;702.1;715.2
205;702.0;715.5
206;702.7;716.9
207;703.0;717.7
208;700.6;716.6
209;701.0;715.9
210;701.0;714.2
211;701.0;712.2
212;699.0;712.6
213;696.2;710.6
214;695.9;710.0
215;694.2;713.0
216;695.8;714.1
217;695.9;713.6
218;697.1;711.7
219;698.2;712.9
220;696.5;718.2
221;698.7;717.9
222;698.3;718.2
223;698.5;720.4
224;699.9;721.6
225;697.9;720.9
226;698.0;723.3
227;698.7;720.4
228;697.9;718.8
229;697.7;715.3
230;698.3;713.9
231;697.7;714.3
232;696.9;713.1
233;696.3;711.5
234;693.8;712.2
235;692.2;712.7
236;691.6;712.0
237;690.9;714.0
238;689.0;714.1
239;688.7;713.4
240;689.8;713.8
241;690.5;712.8
242;692.1;712.8
243;692.5;711.3
244;693.4;711.5
245;692.3;714.5
246;692.0;712.3
247;691.2;712.5
248;691.7;713.0
249;691.7;714.4
250;692.5;714.0
251;692.7;713.8
252;693.8;712.8
253;693.2;713.9
254;692.3;711.6
255;691.6;709.3
256;689.8;706.6
257;688.0;706.5
258;688.3;708.6
259;687.7;709.3
260;687.1;711.7
261;689.0;711.1
262;689.5;711.4
263;691.8;707.8
264;691.2;706.6
265;690.8;706.1
266;689.8;706.0
267;688.4;706.7
268;690.0;708.0
269;688.5;709.6
270;688.8;709.5
271;689.3;710.4
272;687.9;711.4
273;688.4;711.7
274;689.6;711.5
275;689.8;714.2
276;687.6;716.0
277;687.6;716.8
278;688.3;718.3
279;687.2;718.0
280;686.9;717.6
281;689.2;718.5
282;687.2;719.1
283;685.7;718.5
284;685.8;719.9
285;684.4;720.0
286;685.2;720.4
287;684.6;720.8
288;683.0;721.3
289;682.8;719.9
290;681.2;720.5
291;680.3;723.2
292;678.2;723.8
293;678.1;722.4
294;679.2;721.1
295;679.4;718.1
296;679.7;717.4
297;679.9;718.5
298;681.4;718.3
299;681.6;715.7
300;682.0;714.9
301;682.8;713.6
302;681.4;714.1
303;681.3;713.7
304;681.7;714.1
305;682.1;714.5
306;682.1;715.7
307;681.9;716.3
308;682.4;716.2
309;682.5;716.1
310;682.7;716.6
311;684.9;715.6
312;685.4;714.8
313;686.6;715.4
314;686.5;716.6
315;684.7;717.8
316;683.3;717.2
317;685.0;716.9
318;685.1;713.9
319;682.6;714.6
320;681.8;716.8
321;680.0;717.3
322;680.2;719.1
323;679.2;719.5
324;679.2;720.3
325;679.6;720.1
326;679.9;718.7
327;681.2;717.9
328;682.4;716.3
329;682.5;713.8
330;682.8;713.0
331;683.2;711.6
332;684.7;708.8
333;684.9;706.2
334;686.3;704.5
335;687.4;704.4
336;688.7;704.5
337;689.5;705.3
338;689.8;706.7
339;690.1;708.2
340;689.7;708.7
341;687.2;707.7
342;684.8;706.2
343;684.6;706.3
344;683.1;707.4
345;680.0;706.4
346;676.6;706.1
347;676.2;705.6
348;677.6;706.5
349;677.8;707.3
350;678.2;705.3
351;677.8;706.6
352;677.5;706.4
353;675.8;706.1
354;675.1;707.5
355;674.9;705.8
356;674.7;703.1
357;675.3;703.0
358;674.7;701.1
359;676.4;700.0
360;674.6;697.9
361;675.9;697.9
362;674.4;697.7
363;673.7;696.1
364;674.5;696.0
365;675.1;695.4
366;673.8;696.8
367;672.1;696.4
368;673.6;695.5
369;674.2;694.9
370;673.4;695.5
371;674.1;695.6
372;672.7;697.2
373;671.7;696.1
374;673.3;696.2
375;675.3;696.1
376;675.2;696.0
377;673.8;695.2
378;674.4;696.7
379;675.6;697.0
380;674.0;699.1
381;673.7;699.8
382;674.9;697.8
383;675.8;697.9
384;677.3;698.1
385;677.9;699.0
386;678.6;697.3
387;679.5;696.9
388;680.0;697.4
389;679.6;699.2
390;680.6;697.8
391;681.0;696.5
392;681.0;697.4
393;680.7;698.3
394;679.6;701.3
395;678.6;702.6
396;678.0;701.6
397;676.3;701.0
398;677.9;700.2
399;677.7;700.0
400;680.8;700.0
401;679.1;700.9
402;677.4;699.6
403;676.1;700.5
404;677.3;700.7
405;679.4;701.8
406;678.6;704.2
407;678.0;705.4
408;677.2;707.3
409;677.5;707.3
410;675.4;706.0
411;676.5;705.3
412;677.4;705.0
413;678.4;706.8
414;676.6;706.6
415;679.9;705.6
416;681.0;705.4
417;679.8;708.4
418;677.7;711.4
419;678.0;713.0
420;678.6;715.0
421;678.4;716.3
422;677.9;715.7
423;678.4;713.8
424;675.9;714.2
425;675.7;712.8
426;675.2;713.5
427;674.9;714.9
428;671.4;712.7
429;671.2;712.0
430;671.8;709.3
431;673.1;711.1
432;670.7;715.0
433;669.8;717.7
434;668.7;720.2
435;667.2;721.7
436;667.3;722.5
437;669.6;723.7
438;670.2;722.9
439;670.8;722.9
440;669.0;721.1
441;668.9;719.5
442;669.7;719.3
443;668.4;720.4
444;667.3;722.1
445;669.8;722.6
446;670.2;722.0
447;668.4;722.9
448;667.2;723.0
449;668.5;721.7
450;669.7;720.8
451;669.6;719.8
452;670.0;717.9
453;669.6;717.6
454;670.1;718.5
455;669.4;719.4
456;667.1;719.5
457;666.8;721.6
458;667.6;721.7
459;666.7;721.8
460;666.2;721.2
461;663.3;720.5
462;664.5;720.7
463;665.1;720.1
464;664.1;721.7
465;664.7;720.6
466;666.1;718.8
467;667.8;719.5
468;668.3;720.1
469;669.7;719.7
470;669.3;718.5
471;668.5;715.4
472;667.8;713.4
473;670.0;710.5
474;672.4;711.5
475;672.4;712.1
476;672.6;711.9
477;671.5;711.2
478;671.9;711.4
479;671.5;712.6
480;671.1;712.5
481;671.3;714.2
482;672.5;714.2
483;675.1;714.0
484;676.3;713.1
485;676.7;710.5
486;676.1;710.7
487;677.2;710.7
488;678.4;709.8
489;680.1;710.7
490;680.6;711.3
491;682.5;710.4
492;683.9;710.5
493;684.0;710.1
494;687.3;709.4
495;688.9;709.7
496;689.9;708.3
497;690.0;707.7
498;687.4;709.0
499;687.3;708.5
500;687.7;707.1
501;687.3;702.2
502;688.5;701.7
503;688.9;700.4
504;688.2;698.1
505;688.8;698.5
506;687.5;700.3
507;684.8;700.1
508;682.6;699.4
509;685.5;700.4
510;687.3;700.0
511;686.8;701.6
512;684.8;700.5
513;684.7;699.4
514;683.1;698.5
515;681.6;698.7
516;681.4;700.5
517;682.1;698.9
518;679.1;698.7
519;677.7;696.6
520;678.4;697.3
521;677.7;699.7
522;679.8;700.1
523;679.0;700.2
524;681.0;701.8
525;681.7;698.7
526;680.4;697.3
527;680.6;696.4
528;679.2;693.9
529;679.4;693.1
530;680.6;692.0
531;681.5;689.5
532;681.6;691.4
533;682.6;692.7
534;682.0;692.5
535;683.0;693.1
536;683.8;694.5
537;682.6;696.2
538;682.3;694.8
539;683.3;690.4
540;683.2;689.6
541;685.3;689.4
542;684.7;689.9
543;684.6;691.3
544;684.4;691.5
545;683.5;693.7
546;684.7;694.2
547;683.2;691.6
548;683.4;690.4
549;683.9;689.6
550;685.2;688.4
551;685.4;687.9
552;685.1;689.7
553;682.5;689.6
554;682.1;689.0
555;683.2;688.6
556;683.6;688.0
557;681.6;689.9
558;679.6;688.9
559;680.0;688.8
560;678.3;688.0
561;678.4;687.4
562;678.8;687.7
563;676.9;687.8
564;676.7;688.3
565;675.1;688.0
566;674.0;686.2
567;672.5;682.8
568;672.0;682.7
569;671.2;685.0
570;672.6;683.6
571;670.6;684.9
572;670.2;685.6
573;670.2;684.5
574;670.6;681.2
575;671.8;678.5
576;670.1;678.3
577;669.0;678.7
578;668.0;678.6
579;668.4;677.5
580;668.4;678.4
581;668.0;679.8
582;668.9;681.1
583;669.3;680.1
584;669.8;682.1
585;669.1;682.1
586;668.4;680.4
587;670.7;681.1
588;670.8;681.2
589;672.7;682.4
590;675.1;682.6
591;673.8;679.9
592;674.1;681.2
593;673.0;682.2
594;671.2;682.4
595;671.0;681.6
596;672.2;678.2
597;674.5;675.5
598;674.5;675.7
599;674.7;678.1
600;674.1;679.1
601;674.6;678.5
602;675.9;675.5
603;675.0;680.6
604;676.5;679.7
605;677.5;678.4
606;678.2;675.7
607;678.2;674.6
608;676.1;675.2
609;676.9;676.2
610;676.5;676.5
611;678.7;675.9
612;678.6;675.3
613;680.1;676.8
614;680.7;676.6
615;682.9;677.4
616;683.6;677.0
617;684.0;676.8
618;682.6;679.2
619;681.9;680.8
620;681.2;683.3
621;680.7;684.6
622;680.2;686.3
623;679.9;687.9
624;679.2;689.0
625;678.2;686.3
626;679.4;686.3
627;681.0;685.4
628;684.1;686.3
629;685.6;686.6
630;684.5;684.7
631;686.7;681.5
632;687.7;679.4
633;687.7;680.8
634;686.9;682.7
635;687.2;683.0
636;687.5;683.2
637;686.7;683.3
638;686.8;682.9
639;687.7;683.7
640;689.6;683.9
641;692.2;682.7
642;695.3;683.3
643;696.2;681.0
644;696.8;679.8
645;697.0;677.3
646;697.4;675.7
647;695.5;675.1
648;695.7;674.6
649;697.7;672.9
650;699.3;671.2
651;699.4;669.5
652;698.6;669.2
653;699.1;669.3
654;701.3;669.5
655;699.9;670.1
656;698.4;670.0
657;696.5;669.3
658;697.3;669.3
659;696.9;671.4
660;697.1;669.7
661;696.4;667.4
662;694.0;664.4
663;692.9;664.4
664;692.9;663.3
665;695.4;663.6
666;696.5;661.1
667;696.3;659.6
668;695.8;659.2
669;696.7;660.9
670;697.4;661.1
671;697.7;661.2
672;697.8;660.8
673;697.9;659.9
674;699.0;660.0
675;699.4;659.7
676;700.6;656.7
677;700.9;654.5
678;702.0;653.7
679;702.5;653.1
680;704.1;653.0
681;706.4;653.4
682;703.8;651.1
683;700.7;648.4
684;701.4;647.7
685;703.3;645.9
686;704.6;645.5
687;703.8;645.5
688;703.7;643.9
689;706.0;640.5
690;706.3;640.2
691;705.0;641.1
692;705.4;642.0
693;706.5;639.7
694;706.5;638.5
695;705.0;637.1
696;705.0;638.2
697;705.0;637.6
698;705.2;638.2
699;705.0;638.8
700;706.2;638.0
701;707.7;637.8
702;706.1;638.0
703;706.7;637.2
704;707.5;636.5
705;707.9;635.4
706;709.8;635.7
707;708.6;633.0
708;708.8;632.6
709;708.5;632.8
710;708.2;635.1
711;708.9;636.4
712;708.2;635.2
713;707.8;634.4
714;709.5;633.9
715;710.0;631.7
716;709.9;630.4
717;710.7;629.4
718;710.5;629.4
719;709.4;629.1
720;707.3;627.3
721;706.9;628.8
722;707.4;627.3
723;707.9;625.4
724;709.3;624.0
725;708.8;624.0
726;707.5;625.1
727;708.6;622.7
728;707.4;621.2
729;710.3;621.0
730;712.9;620.9
731;715.0;620.9
732;716.0;622.0
733;716.5;624.8
734;714.3;624.9
735;713.1;624.5
736;713.8;625.4
737;713.8;625.8
738;713.0;627.8
739;712.4;628.2
740;710.5;629.0
741;710.6;628.0
742;709.7;627.2
743;708.9;627.6
744;708.9;627.9
745;710.3;630.5
746;712.5;630.6
747;713.7;631.1
748;712.5;631.7
749;709.5;631.4
750;709.4;633.1
751;710.3;635.6
752;710.1;636.2
753;709.9;635.9
754;710.5;635.0
755;709.2;634.1
756;709.4;633.2
757;709.9;633.9
758;709.8;635.4
759;709.8;636.4
760;708.1;636.6
761;706.6;638.8
762;704.8;637.4
763;705.7;637.7
764;707.3;638.4
765;706.1;637.7
766;706.7;634.2
767;708.0;635.4
768;708.8;637.9
769;709.6;635.9
770;708.1;636.2
771;707.3;636.1
772;707.9;635.2
773;706.4;633.4
774;705.9;632.6
775;706.8;633.4
776;707.5;634.4
777;707.1;635.4
778;708.0;635.9
779;706.7;637.1
780;706.7;635.3
781;708.0;634.4
782;709.4;633.0
783;710.8;633.6
784;713.3;636.4
785;716.6;636.0
786;719.5;635.5
787;720.5;633.0
788;720.0;631.3
789;721.7;631.4
790;723.4;629.9
791;723.6;632.6
792;722.3;633.5
793;724.5;634.7
794;723.6;634.8
795;724.5;633.5
796;725.3;631.4
797;726.3;633.5
798;728.2;634.9
799;728.1;635.9
800;727.3;635.2
801;728.5;633.0
802;730.7;631.0
803;732.3;630.1
804;730.1;630.2
805;728.7;631.2
806;727.5;633.6
807;726.8;631.5
808;728.6;632.0
809;728.7;629.8
810;728.3;631.5
811;728.9;630.8
812;730.1;631.2
813;730.7;632.0
814;730.6;632.5
815;729.3;631.6
816;728.8;631.6
817;727.4;629.3
818;730.4;628.9
819;732.8;629.1
820;732.4;629.7
821;734.2;629.7
822;736.1;630.6
823;735.6;630.0
824;736.0;629.5
825;735.0;629.0
826;733.4;628.3
827;733.5;627.6
828;734.7;627.9
829;735.1;628.2
830;732.4;629.2
831;733.1;628.5
832;732.4;630.7
833;732.8;631.2
834;731.7;631.0
835;731.9;631.3
836;731.3;631.0
837;730.6;630.5
838;729.1;628.8
839;729.3;627.8
840;727.3;629.0
841;728.3;629.7
842;728.2;628.7
843;726.5;628.3
844;726.4;629.7
845;725.9;629.3
846;726.0;626.6
847;726.0;625.8
848;724.1;625.4
849;724.2;624.6
850;724.7;626.0
851;725.1;627.6
852;725.2;628.2
853;725.9;626.4
854;724.2;624.6
855;720.8;622.6
856;719.6;623.8
857;719.6;624.7
858;720.0;625.1
859;718.1;623.7
860;717.2;622.4
861;716.8;621.2
862;715.0;623.6
863;712.5;622.3
864;713.4;620.3
865;713.9;618.0
866;710.2;619.3
867;709.3;618.5
868;709.1;618.9
869;709.9;619.4
870;709.9;619.4
871;709.5;616.1
872;712.3;616.0
873;715.8;616.7
874;716.8;615.8
875;717.5;614.4
876;715.4;613.8
877;714.7;612.8
878;714.8;609.8
879;713.3;608.8
880;710.4;608.2
881;709.4;608.5
882;707.8;608.5
883;707.2;609.0
884;709.9;608.7
885;709.4;608.4
886;708.8;606.3
887;707.7;604.9
888;710.4;606.8
889;710.3;608.0
890;711.9;608.9
891;712.2;609.1
892;709.3;608.8
893;709.7;608.4
894;708.1;611.1
895;706.0;609.5
896;705.0;607.3
897;704.6;607.9
898;705.5;607.4
899;706.2;606.2
900;705.5;604.6
901;703.7;604.5
902;704.4;605.0
903;704.3;604.8
904;704.0;604.7
905;705.5;605.2
906;707.3;601.4
907;707.1;599.5
908;705.4;600.3
909;704.9;598.9
910;705.8;596.0
911;704.8;593.6
912;704.8;591.4
913;704.9;591.3
914;703.2;588.7
915;702.1;586.7
916;699.0;582.3
917;700.4;582.9
918;700.0;584.1
919;699.5;585.7
920;699.3;583.3
921;700.0;582.3
922;698.6;581.3
923;695.7;580.4
924;693.6;578.6
925;695.8;579.6
926;693.6;579.6
927;694.1;579.0
928;692.1;579.0
929;693.2;576.4
930;694.6;576.4
931;694.0;576.9
932;693.5;577.0
933;692.9;579.0
934;695.3;582.5
935;697.0;583.7
936;696.7;584.6
937;697.7;584.5
938;695.2;583.1
939;693.2;583.5
940;693.1;582.9
941;692.8;585.3
942;691.5;586.0
943;690.4;582.3
944;690.3;581.5
945;687.1;580.8
946;685.8;577.3
947;683.8;577.1
948;683.6;576.1
949;683.0;575.8
950;685.1;577.4
951;685.3;578.8
952;686.2;578.4
953;685.7;579.8
954;688.2;582.5
955;689.1;582.5
956;690.7;584.1
957;692.1;581.5
958;693.6;580.5
959;694.5;580.4
960;695.7;580.9
961;695.9;579.3
962;697.2;580.1
963;697.0;581.4
964;695.8;580.4
965;697.1;578.7
966;695.9;581.2
967;694.6;581.9
968;691.9;581.5
969;692.7;580.6
970;691.7;579.6
971;692.9;580.6
972;692.6;579.9
973;689.2;579.7
974;687.8;578.8
975;688.6;578.1
976;686.4;574.9
977;684.8;574.9
978;687.1;576.2
979;685.9;576.2
980;685.6;573.2
981;684.9;571.4
982;685.3;572.6
983;686.5;572.2
984;687.3;571.5
985;686.3;572.7
986;683.6;574.6
987;683.3;574.4
988;684.7;572.8
989;685.7;572.8
990;683.6;572.0
991;684.1;571.5
992;683.8;569.4
993;685.0;565.7
994;684.0;562.2
995;683.6;561.7
996;683.6;561.2
997;683.3;561.9
998;683.1;561.7
999;685.3;560.9
1000;685.1;559.4
1001;685.7;559.9
1002;687.1;562.6
1003;688.6;561.4
1004;690.4;561.7
1005;690.9;561.1
1006;690.1;560.7
1007;690.3;556.4
1008;691.9;556.3
1009;690.6;556.1
1010;689.0;557.1
1011;689.1;558.9
1012;685.1;560.5
1013;681.8;560.5
1014;681.7;560.1
1015;680.3;559.8
1016;681.4;558.1
1017;682.2;557.3
1018;680.9;556.6
1019;680.7;557.0
1020;681.5;559.6
1021;681.1;559.2
1022;681.5;558.3
1023;682.8;558.1
1024;684.7;559.5
1025;680.3;558.9
1026;681.3;558.6
1027;681.6;560.8
1028;680.5;563.6
1029;681.0;565.6
1030;680.7;564.7
1031;679.4;563.2
1032;681.1;563.8
1033;680.9;565.3
1034;680.6;567.6
1035;681.3;567.6
1036;680.5;568.4
1037;679.1;567.9
1038;678.9;568.5
1039;676.1;567.5
1040;677.8;568.2
1041;678.6;567.0
1042;678.8;568.2
1043;676.1;570.8
1044;672.2;573.5
1045;670.7;577.5
1046;671.0;575.6
1047;671.2;574.8
1048;671.1;571.7
1049;670.5;573.1
1050;671.0;572.6
1051;667.8;572.4
1052;669.6;571.3
1053;672.6;572.3
1054;674.8;572.5
1055;674.1;573.3
1056;669.8;573.2
1057;669.0;571.9
1058;669.6;572.1
1059;669.2;570.1
1060;668.7;567.0
1061;668.6;565.9
1062;666.7;564.7
1063;665.0;565.0
1064;664.3;565.4
1065;663.1;564.2
1066;663.6;567.4
1067;664.4;567.9
1068;662.6;569.1
1069;662.6;570.0
1070;661.9;570.0
1071;661.0;569.7
1072;659.0;570.1
1073;658.1;567.0
1074;656.2;566.4
1075;656.9;567.0
1076;659.0;569.9
1077;660.1;573.5
1078;660.5;573.8
1079;659.7;572.2
1080;661.7;571.3
1081;663.6;570.5
1082;663.1;570.2
1083;661.5;571.7
1084;661.9;574.2
1085;663.6;574.4
1086;663.2;574.6
1087;660.8;575.5
1088;663.5;573.3
1089;663.7;571.9
1090;663.5;572.8
1091;663.8;572.8
1092;663.0;571.6
1093;662.4;571.5
1094;660.0;571.7
1095;664.0;572.9
1096;664.6;571.3
1097;663.7;568.7
1098;663.5;566.9
1099;666.0;567.2
1100;667.9;565.9
1101;669.4;563.8
1102;670.5;562.0
1103;672.7;562.0
1104;670.8;561.5
1105;668.6;563.1
1106;667.3;564.7
1107;667.7;563.0
1108;669.0;561.3
1109;669.8;561.8
1110;668.3;562.0
1111;666.4;561.8
1112;666.4;564.3
1113;666.4;564.7
1114;666.3;564.6
1115;666.9;562.7
1116;665.9;564.0
1117;666.3;566.4
1118;665.6;566.0
1119;664.7;564.7
1120;663.5;562.4
1121;663.8;561.7
1122;665.9;563.0
1123;666.3;564.5
1124;667.0;564.3
1125;668.0;563.4
1126;666.7;563.2
1127;666.2;562.8
1128;667.7;562.2
1129;668.8;562.0
1130;667.6;561.6
1131;666.2;561.8
1132;664.8;562.0
1133;665.7;564.2
1134;665.7;566.5
1135;665.3;568.0
1136;664.0;570.0
1137;663.0;570.6
1138;663.7;568.4
1139;665.3;562.2
1140;663.7;558.7
1141;666.6;558.9
1142;665.7;561.2
1143;666.6;559.7
1144;666.2;557.7
1145;664.3;559.2
1146;663.3;561.0
1147;664.5;562.5
1148;665.4;563.6
1149;664.4;564.8
1150;665.3;565.7
1151;664.1;563.3
1152;664.6;565.1
1153;665.7;565.6
1154;665.9;566.6
1155;667.2;566.0
1156;668.4;565.6
1157;667.7;567.2
1158;667.0;566.6
1159;667.8;565.8
1160;668.4;563.7
1161;669.5;562.4
1162;670.0;562.1
1163;670.3;563.9
1164;672.1;564.5
1165;672.7;567.5
1166;671.9;568.1
1167;674.9;569.3
1168;674.7;568.5
1169;674.9;566.6
1170;674.7;566.1
1171;673.1;568.4
1172;672.9;568.8
1173;670.5;570.9
1174;670.6;572.0
1175;669.7;571.8
1176;671.3;573.1
1177;669.4;573.0
1178;668.0;573.4
1179;666.9;573.5
1180;668.1;573.5
1181;668.4;574.2
1182;670.6;576.1
1183;670.9;573.4
1184;671.2;570.9
1185;668.3;572.9
1186;669.7;573.6
1187;670.3;573.1
1188;670.4;572.1
1189;669.4;569.7
1190;668.3;571.0
1191;670.3;571.3
1192;671.1;571.5
1193;671.9;570.2
1194;673.2;570.7
1195;673.9;569.8
1196;673.5;568.9
1197;675.2;571.9
1198;674.1;570.3
1199;677.0;569.6
1200;677.2;569.9
1201;677.9;571.9
1202;678.4;571.5
1203;679.2;572.7
1204;680.4;572.9
1205;680.7;574.1
1206;681.3;575.0
1207;681.4;575.1
1208;682.1;574.9
1209;681.9;572.3
1210;683.2;572.1
1211;681.7;571.6
1212;677.2;571.9
1213;676.2;569.7
1214;678.0;570.2
1215;678.1;570.7
1216;678.9;568.9
1217;678.2;565.8
1218;680.2;566.4
1219;681.8;567.6
1220;682.3;567.3
1221;683.0;564.7
1222;681.0;562.0
1223;683.6;561.4
1224;683.7;562.1
1225;683.7;561.8
1226;684.1;562.9
1227;684.2;561.9
1228;683.9;559.3
1229;683.5;559.9
1230;684.4;560.3
1231;686.9;559.0
1232;685.3;562.0
1233;685.5;563.1
1234;687.9;565.6
1235;690.4;565.5
1236;690.7;566.3
1237;690.2;564.1
1238;692.4;567.4
1239;691.8;568.1
1240;691.9;569.1
1241;692.9;568.7
1242;693.3;566.6
1243;693.0;564.3
1244;692.4;562.0
1245;692.6;560.7
1246;692.8;561.7
1247;691.9;561.4
1248;692.3;560.5
1249;691.6;558.9
1250;690.2;559.3
1251;690.2;560.2
1252;690.4;559.3
1253;691.2;561.0
1254;694.6;559.4
1255;696.2;558.2
1256;697.3;556.1
1257;698.6;556.0
1258;699.7;557.9
1259;699.5;558.4
1260;700.4;560.4
1261;701.6;560.6
1262;702.1;561.4
1263;701.7;560.5
1264;701.7;558.8
1265;701.3;555.4
1266;701.2;558.8
1267;700.9;557.8
1268;701.2;557.4
1269;701.9;556.5
1270;701.3;557.9
1271;701.5;559.8
1272;703.5;560.9
1273;704.0;560.1
1274;704.3;559.7
1275;706.9;559.1
1276;708.8;559.2
1277;708.2;558.9
1278;709.9;559.8
1279;708.9;559.9
1280;710.5;559.7
1281;709.2;560.8
1282;707.6;561.2
1283;706.3;559.1
1284;707.2;555.9
1285;707.6;556.4
1286;707.9;556.2
1287;706.8;555.8
1288;705.7;555.6
1289;704.3;556.7
1290;705.5;555.3
1291;704.6;554.1
1292;704.6;555.4
1293;702.9;553.4
1294;702.4;551.8
1295;703.6;550.9
1296;707.5;551.9
1297;708.2;552.7
1298;706.6;552.8
1299;705.7;552.2
1300;705.7;552.3
1301;704.7;550.2
1302;705.5;546.1
1303;706.9;545.0
1304;705.8;544.6
1305;705.9;544.2
1306;706.4;541.4
1307;707.9;540.3
1308;708.3;539.3
1309;709.5;539.0
1310;709.3;539.0
1311;713.5;541.1
1312;714.1;540.1
1313;715.5;541.8
1314;715.9;539.4
1315;716.4;540.4
1316;716.5;539.0
1317;717.5;537.4
1318;717.8;536.3
1319;719.2;537.7
1320;717.3;535.8
1321;716.1;535.5
1322;718.0;535.5
1323;720.0;534.7
1324;719.8;536.6
1325;719.4;538.3
1326;718.1;539.4
1327;718.1;536.8
1328;719.5;536.0
1329;717.4;534.6
1330;715.4;532.3
1331;714.9;530.9
1332;716.6;528.9
1333;716.6;529.8
1334;716.7;529.4
1335;717.8;528.4
1336;717.3;528.4
1337;717.2;528.9
1338;716.7;527.9
1339;718.4;529.9
1340;718.3;530.9
1341;717.2;531.6
1342;718.4;533.9
1343;719.9;531.1
1344;722.6;532.1
1345;722.0;534.0
1346;723.3;534.2
1347;721.7;533.8
1348;723.0;529.9
1349;721.4;529.7
1350;720.1;530.7
1351;718.2;530.2
1352;717.0;530.6
1353;717.3;530.8
1354;718.4;529.6
1355;718.8;528.0
1356;718.6;526.4
1357;718.1;526.6
1358;718.6;524.6
1359;717.6;523.2
1360;715.2;522.4
1361;716.3;520.8
1362;716.2;521.9
1363;716.3;523.0
1364;717.1;523.4
1365;717.7;522.6
1366;716.4;525.7
1367;714.5;525.9
1368;716.3;528.3
1369;717.6;529.9
1370;718.2;530.8
1371;718.9;532.2
1372;717.9;532.1
1373;717.2;529.7
1374;716.7;528.6
1375;717.2;528.1
1376;718.2;527.3
1377;717.2;527.2
1378;716.2;528.5
1379;715.7;528.7
1380;714.8;526.7
1381;714.1;525.7
1382;714.1;525.4
1383;712.1;525.6
1384;710.5;526.1
1385;709.5;524.6
1386;708.7;523.3
1387;709.1;522.8
1388;708.7;522.7
1389;711.1;521.8
1390;713.4;520.4
1391;712.9;518.8
1392;712.7;516.9
1393;711.7;516.1
1394;709.3;514.6
1395;707.2;514.4
1396;706.5;515.2
1397;706.7;515.3
1398;706.5;514.2
1399;707.7;516.2
1400;708.4;516.8
1401;711.8;518.0
1402;712.0;519.3
1403;708.9;520.0
1404;708.6;520.6
1405;709.0;519.8
1406;708.9;521.3
1407;711.1;522.4
1408;713.0;523.0
1409;713.4;525.9
1410;714.3;526.0
1411;715.4;524.8
1412;714.0;526.5
1413;712.4;525.8
1414;710.9;524.1
1415;708.5;523.6
1416;709.3;525.3
1417;709.1;525.5
1418;710.4;528.9
1419;713.3;529.8
1420;713.4;530.8
1421;711.7;528.8
1422;712.4;530.9
1423;710.6;531.3
1424;710.5;532.0
1425;712.0;531.1
1426;712.3;533.3
1427;712.1;535.3
1428;712.9;538.0
1429;713.1;538.2
1430;715.4;538.3
1431;715.7;538.9
1432;713.5;539.2
1433;714.4;539.3
1434;716.5;540.9
1435;715.6;541.3
1436;717.7;543.6
1437;717.9;545.2
1438;716.3;546.8
1439;716.9;546.3
1440;720.8;547.3
1441;719.8;547.4
1442;721.0;548.6
1443;721.5;549.3
1444;721.6;548.5
1445;723.0;547.3
1446;722.8;547.1
1447;719.1;545.0
1448;718.6;543.9
1449;717.8;542.1
1450;718.1;538.9
1451;716.9;536.6
1452;717.5;534.5
1453;719.8;534.0
1454;723.5;534.6
1455;725.5;537.1
1456;724.9;534.6
1457;726.1;534.2
1458;724.5;531.9
1459;723.9;533.2
1460;725.3;534.4
1461;726.6;535.5
1462;727.0;535.8
1463;725.7;534.7
1464;726.8;531.9
1465;727.2;531.8
1466;724.5;532.3
1467;723.6;532.9
1468;723.7;533.3
1469;723.1;534.3
1470;724.1;533.9
1471;725.0;533.8
1472;725.3;532.4
1473;725.8;531.8
1474;727.3;531.9
1475;727.3;531.0
1476;725.8;528.6
1477;726.1;527.2
1478;726.6;529.0
1479;726.3;528.2
1480;725.7;526.8
1481;725.8;526.5
1482;725.9;528.1
1483;722.6;525.7
1484;723.6;524.2
1485;726.3;523.7
1486;725.1;523.9
1487;724.6;524.6
1488;725.3;524.5
1489;726.0;525.2
1490;724.6;525.3
1491;724.5;522.2
1492;724.9;520.3
1493;725.4;519.5
1494;725.7;517.8
1495;725.0;517.4
1496;723.7;518.4
1497;723.0;520.1
1498;723.0;518.6
1499;721.9;517.5
1500;721.7;518.8
1501;723.4;518.7
1502;723.3;520.9
1503;721.6;521.9
1504;719.5;520.5
1505;718.5;521.3
1506;717.6;522.8
1507;716.8;524.4
1508;715.7;526.0
1509;714.9;528.3
1510;714.0;530.3
1511;714.7;530.6
1512;717.7;529.8
1513;719.7;529.1
1514;716.5;526.9
1515;716.9;526.4
1516;716.7;527.6
1517;714.9;527.4
1518;711.4;528.7
1519;711.6;528.9
1520;713.7;529.1
1521;713.0;529.6
1522;712.9;529.1
1523;712.1;526.3
1524;713.2;524.4
1525;711.3;524.5
1526;710.3;525.3
1527;709.6;524.6
1528;707.5;524.2
1529;706.0;524.3
1530;704.7;525.1
1531;706.7;524.5
1532;707.7;523.6
1533;707.1;526.0
1534;707.5;526.7
1535;709.0;528.7
1536;710.1;528.7
1537;702.5;527.3
1538;702.6;529.6
1539;702.8;529.1
1540;705.3;530.1
1541;702.9;528.7
1542;702.8;527.2
1543;704.2;526.3
1544;705.5;524.5
1545;705.1;524.0
1546;704.6;523.5
1547;704.1;521.4
1548;703.8;516.5
1549;705.0;512.3
1550;705.0;512.1
1551;704.2;513.7
1552;705.0;514.6
1553;706.4;513.2
1554;708.2;513.6
1555;708.3;510.6
1556;708.2;506.8
1557;703.7;506.2
1558;703.7;507.0
1559;703.4;508.5
1560;701.7;511.4
1561;702.8;511.0
1562;704.2;510.8
1563;707.5;511.1
1564;711.3;512.2
1565;712.8;510.8
1566;715.9;511.8
1567;716.2;510.7
1568;717.7;513.2
1569;715.2;515.2
1570;715.8;515.9
1571;717.4;518.0
1572;715.5;518.3
1573;714.3;517.4
1574;712.7;518.9
1575;712.8;519.8
1576;714.9;519.1
1577;716.1;518.4
1578;716.3;517.1
1579;717.2;517.5
1580;718.4;518.2
1581;719.4;519.8
1582;718.6;520.7
1583;717.9;522.6
1584;716.6;523.6
1585;717.3;522.1
1586;717.4;523.7
1587;718.6;524.1
1588;717.4;523.1
1589;716.7;526.0
1590;714.8;527.1
1591;715.7;528.0
1592;716.4;528.3
1593;717.9;527.4
1594;717.9;528.6
1595;717.5;531.0
1596;718.0;529.5
1597;718.5;528.4
1598;718.8;527.5
1599;719.1;526.8
1600;716.2;525.2
1601;716.3;525.3
1602;716.8;523.6
1603;715.6;522.0
1604;715.8;520.8
1605;715.4;520.6
1606;717.2;521.3
1607;716.0;522.4
1608;715.8;524.3
1609;715.0;524.2
1610;714.1;524.9
1611;715.7;524.5
1612;716.1;525.9
1613;717.7;528.7
1614;717.6;528.9
1615;719.4;529.2
1616;718.8;526.8
1617;720.1;526.8
1618;721.3;530.0
1619;722.9;530.7
1620;723.2;529.6
1621;723.3;530.5
1622;719.8;529.3
1623;719.0;528.3
1624;720.2;527.9
1625;719.6;525.7
1626;716.4;525.1
1627;715.1;524.4
1628;712.5;522.9
1629;715.6;519.5
1630;716.1;520.9
1631;717.2;521.6
1632;717.2;521.7
1633;716.8;521.1
1634;716.5;520.6
1635;714.7;519.9
1636;715.6;520.1
1637;716.4;519.5
1638;719.6;518.7
1639;720.6;518.6
1640;720.9;517.1
1641;719.7;517.7
1642;719.8;518.5
1643;718.5;518.7
1644;715.8;517.3
1645;717.9;516.5
1646;717.8;516.0
1647;718.6;516.8
1648;719.9;517.8
1649;719.5;517.6
1650;719.3;517.1
1651;718.8;517.1
1652;718.1;515.4
1653;718.2;514.9
1654;718.4;514.6
1655;718.6;516.9
1656;716.1;517.1
1657;714.2;518.8
1658;712.2;519.5
1659;711.8;519.7
1660;710.5;520.0
1661;709.2;518.6
1662;710.0;518.5
1663;709.8;516.5
1664;707.3;518.7
1665;708.0;518.6
1666;707.3;517.3
1667;707.2;516.9
1668;709.2;517.1
1669;711.4;515.3
1670;713.5;517.1
1671;714.6;516.9
1672;715.5;514.6
1673;716.9;512.4
1674;715.5;510.6
1675;715.0;509.0
1676;716.5;506.7
1677;715.2;506.9
1678;715.1;504.8
1679;716.7;504.6
1680;716.4;504.9
1681;715.5;504.5
1682;711.9;500.3
1683;712.0;499.9
1684;712.4;500.5
1685;713.9;498.6
1686;716.9;498.1
1687;716.3;497.0
1688;717.2;499.1
1689;718.6;498.5
1690;719.6;500.6
1691;721.3;500.4
1692;720.5;499.1
1693;719.6;499.0
1694;718.8;497.7
1695;719.0;497.7
1696;720.3;497.0
1697;721.8;495.5
1698;720.2;496.3
1699;721.5;501.3
1700;720.6;501.1
1701;723.3;501.9
1702;726.1;502.2
1703;724.9;501.9
1704;722.1;502.2
1705;720.7;501.1
1706;720.0;498.9
1707;720.3;499.8
1708;721.3;500.8
1709;723.8;500.5
1710;724.7;501.0
1711;723.9;502.2
1712;719.9;504.4
1713;720.6;505.9
1714;721.5;503.9
1715;722.0;503.3
1716;722.4;504.1
1717;721.0;505.0
1718;719.5;503.2
1719;719.2;502.6
1720;719.2;501.8
1721;720.6;501.8
1722;721.5;502.2
1723;724.0;503.3
1724;724.4;502.2
1725;724.1;502.3
1726;724.6;500.6
1727;724.2;500.6
1728;725.3;499.9
1729;724.4;498.9
1730;725.8;500.3
1731;727.2;499.5
1732;727.0;499.5
1733;726.2;498.5
1734;727.0;496.1
1735;728.8;494.9
1736;731.7;497.2
1737;730.9;496.6
1738;730.2;495.1
1739;731.5;494.7
1740;733.2;495.2
1741;733.5;494.6
1742;735.3;495.6
1743;736.6;496.7
1744;734.3;493.8
1745;732.5;495.2
1746;731.3;496.4
1747;730.6;495.4
1748;730.6;498.8
1749;731.3;501.7
1750;730.0;501.0
1751;729.7;501.5
1752;727.5;503.1
1753;728.6;504.2
1754;727.4;503.4
1755;726.9;503.3
1756;726.2;505.1
1757;724.7;504.6
1758;724.2;504.5
1759;724.5;503.3
1760;725.8;503.4
1761;727.3;503.4
1762;728.0;502.5
1763;726.0;503.4
1764;726.0;503.3
1765;727.0;503.0
1766;724.6;504.4
1767;722.1;505.3
1768;721.1;503.4
1769;720.7;500.9
1770;721.6;502.2
1771;723.5;500.5
1772;725.3;500.0
1773;723.8;499.9
1774;723.3;500.6
1775;725.2;502.0
1776;727.2;500.5
1777;726.7;503.3
1778;725.7;502.3
1779;726.0;501.9
1780;726.8;500.7
1781;727.7;501.9
1782;729.7;504.8
1783;731.2;505.9
1784;731.6;504.1
1785;731.4;501.7
1786;732.4;499.7
1787;732.9;500.1
1788;734.0;500.6
1789;734.6;500.3
1790;734.7;499.7
1791;732.4;500.5
1792;731.1;500.9
1793;732.9;500.7
1794;735.6;501.2
1795;737.6;503.3
1796;739.7;505.0
1797;740.5;503.8
1798;741.5;503.4
1799;741.5;502.5
1800;740.5;503.6
1801;739.8;503.1
1802;738.3;504.5
1803;736.9;505.0
1804;735.0;503.8
1805;733.5;503.2
1806;733.0;505.3
1807;732.8;507.4
1808;732.7;508.1
1809;731.0;506.4
1810;732.5;506.8
1811;734.1;506.9
1812;735.2;508.3
1813;735.2;507.8
1814;734.5;508.7
1815;733.4;510.2
1816;733.1;511.1
1817;731.0;513.8
1818;733.5;513.8
1819;733.5;514.5
1820;736.1;515.1
1821;736.4;516.2
1822;735.5;517.6
1823;734.5;516.1
1824;735.4;515.9
1825;734.6;515.8
1826;733.8;516.0
1827;733.1;515.1
1828;732.6;514.4
1829;732.1;512.4
1830;731.5;512.1
1831;731.3;513.6
1832;732.3;515.2
1833;730.8;516.7
1834;731.9;514.8
1835;732.5;514.3
1836;733.7;516.0
1837;733.3;515.0
1838;733.3;515.0
1839;733.9;516.6
1840;734.1;515.5
1841;732.5;517.7
1842;732.8;515.8
1843;731.4;514.4
1844;729.9;515.2
1845;729.0;515.4
1846;728.9;516.4
1847;730.3;518.5
1848;730.1;518.4
1849;728.8;519.3
1850;727.7;521.2
1851;726.9;521.1
1852;725.7;523.6
1853;724.9;525.8
1854;723.5;525.8
1855;722.1;524.8
1856;721.3;522.0
1857;721.0;523.0
1858;721.0;524.5
1859;722.5;526.6
1860;722.8;526.1
1861;721.7;527.0
1862;720.5;527.2
1863;720.1;527.6
1864;720.3;529.3
1865;720.6;530.2
1866;720.5;531.2
1867;722.0;530.9
1868;722.4;529.2
1869;723.9;529.7
1870;723.1;530.1
1871;723.8;530.0
1872;720.2;529.5
1873;713.8;530.1
1874;714.5;529.6
1875;716.0;527.3
1876;717.8;529.3
1877;716.5;529.5
1878;712.4;526.6
1879;714.0;526.8
1880;713.6;527.8
1881;714.2;531.6
1882;713.0;532.1
1883;713.0;532.5
1884;711.2;532.2
1885;711.1;532.0
1886;711.9;531.4
1887;714.0;533.1
1888;714.9;531.9
1889;716.2;531.4
1890;716.3;532.4
1891;717.1;534.3
1892;718.5;530.5
1893;720.0;530.8
1894;721.1;531.2
1895;719.8;529.9
1896;719.4;530.1
1897;720.9;529.7
1898;721.2;528.3
1899;721.2;525.7
1900;721.4;524.4
1901;722.4;524.7
1902;724.0;520.9
1903;721.7;519.4
1904;722.4;519.0
1905;722.5;518.8
1906;723.4;519.7
1907;725.2;518.6
1908;726.4;516.0
1909;726.8;514.6
1910;727.7;515.1
1911;729.8;518.6
1912;727.1;517.0
1913;725.6;515.9
1914;727.3;513.1
1915;728.7;511.6
1916;728.9;511.4
1917;728.7;512.4
1918;729.0;512.2
1919;730.9;510.2
1920;732.7;509.6
1921;733.6;509.0
1922;733.0;510.8
1923;732.5;511.7
1924;732.9;510.8
1925;733.0;509.4
1926;732.2;510.7
1927;732.2;510.5
1928;733.1;510.7
1929;734.9;510.2
1930;736.6;508.8
1931;739.0;508.4
1932;741.2;512.3
1933;740.9;513.3
1934;739.4;512.1
1935;739.0;511.0
1936;740.7;507.3
1937;739.6;507.7
1938;739.9;506.8
1939;738.3;506.5
1940;737.4;504.2
1941;737.4;502.2
1942;737.0;502.1
1943;737.2;503.5
1944;737.5;506.2
1945;737.7;506.1
1946;738.4;506.2
1947;738.6;504.7
1948;737.9;505.1
1949;739.1;504.5
1950;740.4;503.8
1951;738.5;505.2
1952;736.9;505.4
1953;738.7;507.3
1954;738.5;510.2
1955;738.3;513.3
1956;737.7;516.8
1957;736.5;518.9
1958;735.4;519.4
1959;736.5;518.8
1960;734.0;517.4
1961;735.8;516.3
1962;736.5;516.4
1963;738.7;516.8
1964;738.2;515.8
1965;737.8;514.6
1966;738.2;515.6
1967;738.1;515.9
1968;736.6;515.7
1969;736.0;517.6
1970;735.0;517.4
1971;734.8;515.6
1972;733.8;513.2
1973;733.2;510.6
1974;732.7;511.6
1975;732.8;511.7
1976;733.3;512.6
1977;733.4;511.7
1978;733.2;512.4
1979;732.8;511.9
1980;732.5;512.6
1981;731.6;512.5
1982;730.3;509.6
1983;728.6;505.9
1984;727.0;506.1
1985;725.1;506.4
1986;727.0;507.3
1987;727.2;507.6
1988;724.4;507.9
1989;724.0;508.5
1990;722.7;509.0
1991;719.7;508.7
1992;719.7;509.4
1993;720.3;511.2
1994;721.1;511.5
1995;724.0;511.4
1996;723.3;512.7
1997;722.6;512.3
1998;722.3;510.0
1999;724.5;508.4
2000;725.4;508.1
2001;725.3;506.7
2002;725.3;503.8
2003;726.0;504.3
2004;723.7;504.8
2005;723.0;503.4
2006;724.8;501.1
2007;725.8;500.1
2008;726.3;499.7
2009;725.1;499.0
2010;724.5;498.8
2011;723.3;500.9
2012;723.8;499.8
2013;725.5;498.8
2014;724.9;497.0
2015;724.4;496.6
2016;723.3;496.3
2017;724.7;499.5
2018;725.6;498.2
2019;723.9;496.0
2020;725.5;495.5
2021;725.8;494.4
2022;727.6;497.3
2023;727.9;496.7
2024;729.4;497.2
2025;731.3;498.2
2026;729.0;497.0
2027;727.2;496.0
2028;725.5;492.2
2029;725.0;493.1
2030;725.7;493.5
2031;726.7;493.8
2032;726.9;493.9
2033;727.4;496.2
2034;727.0;496.8
2035;729.4;497.5
2036;728.4;498.5
2037;728.7;499.8
2038;727.6;499.3
2039;725.1;497.4
2040;725.5;500.3
2041;724.2;502.1
2042;725.8;504.2
2043;726.6;502.7
2044;726.8;503.1
2045;727.6;502.2
2046;728.1;501.3
2047;727.3;503.1
2048;728.3;503.3
2049;728.5;504.3
2050;729.4;504.7
2051;729.0;502.3
2052;730.0;503.8
2053;731.3;500.5
2054;731.4;499.8
2055;730.4;499.8
2056;731.5;501.2
2057;732.5;501.6
2058;732.2;501.9
2059;732.9;502.2
2060;733.4;501.3
2061;732.6;499.8
2062;732.7;499.1
2063;732.0;499.6
2064;731.8;500.6
2065;732.9;500.8
2066;732.9;500.3
2067;730.0;502.5
2068;728.5;501.7
2069;728.2;504.6
2070;726.9;503.5
2071;726.9;501.0
2072;727.7;496.7
2073;727.7;494.4
2074;727.7;495.3
2075;726.6;493.3
2076;726.6;491.7
2077;725.6;493.3
2078;725.1;493.5
2079;724.8;493.0
2080;725.1;490.9
2081;725.3;491.3
2082;725.3;491.2
2083;726.2;491.1
2084;727.4;492.2
2085;728.5;491.2
2086;729.7;490.9
2087;728.6;492.0
2088;728.8;493.3
2089;726.5;494.0
2090;727.8;496.7
2091;729.5;497.1
2092;730.4;495.8
2093;732.4;496.4
2094;730.9;497.3
2095;729.1;497.7
2096;726.9;497.3
2097;725.4;499.6
2098;724.8;499.4
2099;725.8;502.0
2100;727.5;502.5
2101;727.9;503.0
2102;727.2;504.7
2103;727.0;503.1
2104;727.0;505.3
2105;726.7;503.0
2106;728.1;502.6
2107;727.3;501.5
2108;724.1;502.9
2109;724.4;502.1
2110;727.4;498.4
2111;725.5;498.0
2112;724.9;498.9
2113;724.6;499.4
2114;726.3;500.2
2115;724.6;496.9
2116;724.9;497.4
2117;725.2;495.1
2118;726.0;495.4
2119;728.3;493.8
2120;731.9;493.5
2121;731.0;492.8
2122;729.4;495.3
2123;729.1;497.0
2124;729.6;495.5
2125;729.2;497.2
2126;729.7;497.6
2127;728.5;498.5
2128;728.4;498.9
2129;729.4;498.2
2130;729.2;497.9
2131;729.0;496.5
2132;727.1;496.5
2133;726.7;496.4
2134;727.9;494.3
2135;727.2;493.2
2136;726.1;491.8
2137;726.6;491.8
2138;725.7;489.3
2139;726.3;489.9
2140;725.3;491.0
2141;726.9;492.1
2142;726.6;492.2
2143;725.0;493.7
2144;723.8;495.6
2145;722.8;496.0
2146;721.0;497.2
2147;721.5;498.1
2148;721.3;498.4
2149;721.8;498.7
2150;719.7;499.2
2151;716.0;498.2
2152;715.9;497.4
2153;714.5;498.9
2154;714.9;500.8
2155;717.7;501.1
2156;718.4;498.7
2157;720.0;499.2
2158;718.6;498.2
2159;720.0;497.8
2160;720.8;496.4
2161;718.2;498.0
2162;719.5;498.7
2163;719.7;498.3
2164;720.0;497.4
2165;719.3;497.8
2166;717.3;495.7
2167;718.1;495.5
2168;718.6;495.0
2169;717.5;495.3
2170;716.9;494.7
2171;716.6;493.8
2172;715.5;492.4
2173;715.1;493.4
2174;716.7;494.9
2175;716.4;494.8
2176;714.5;492.4
2177;712.8;492.2
2178;712.0;494.4
2179;713.2;495.9
